Country,Avg_Rating
Australia,3.019602409638554
Brazil,3.0741666666666667
China,2.958647642679901
Egypt,3.024298245614035
France,3.0302683780630106
India,2.973158482142857
USA,2.984304245283019
