Category,Rating
Beach,3.0722845691382763
Adventure,3.008804243008679
Historical,3.003138832997988
